{
"lengthUnit": "mil",
"components": {
	"fields": ["COMPONENT_NO", "COMPONENT_NAME", "LAYER", "X_COORDINATE", "Y_COORDINATE", "ANGLE"],
	"rows": [
		[1, "C1", "T", 669.56, -1284.44, 90],
		[2, "C2", "T", 124, -948, 270],
		[3, "C4", "T", 1124, -1030, 90],
		[4, "C5", "T", 854, -1040, 90],
		[5, "C10", "T", 374, -2288, 90],
		[6, "C11", "T", 496, -2292, 90],
		[7, "C32", "T", 1098, -416, 0],
		[8, "C56", "T", 292, -178, 180],
		[9, "C57", "T", 878, -804, 270],
		[10, "C58", "T", 986, -1286, 90],
		[11, "C59", "T", 117.33, -820.12, 0],
		[12, "D1", "T", 1096, -1408, 270],
		[13, "D6", "T", 1002, -572, 0],
		[14, "D7", "T", 824, -2340, 90],
		[15, "D8", "T", 845.93, -1900.99, 90],
		[16, "FPC1", "T", 304, -1283.53, 270],
		[17, "H1", "T", 996, -2260, 90],
		[18, "H2", "T", 664, -950, 90],
		[19, "H5", "T", 1000, -1820, 90],
		[20, "H6", "T", 418, -408, 270],
		[21, "L1", "T", 730, -1458, 0],
		[22, "Q6", "T", 784, -2166, 270],
		[23, "Q7", "T", 844, -614, 0],
		[24, "Q8", "T", 808, -1728, 270],
		[25, "Q9", "T", 630, -1826, 180],
		[26, "Q10", "T", 622, -2262, 180],
		[27, "R2", "T", 834, -1284, 270],
		[28, "R4", "T", 646, -602, 90],
		[29, "R5", "T", 578, -602, 270],
		[30, "R58", "T", 789.63, -383.34, 270],
		[31, "R59", "T", 908, -384, 270],
		[32, "R62", "T", 526, -1356, 90],
		[33, "R63", "T", 1122, -602, 90],
		[34, "R64", "T", 1004, -648, 180],
		[35, "R66", "T", 1128, -782, 90],
		[36, "R67", "T", 788, -796, 90],
		[37, "R68", "T", 910, -1286, 90],
		[38, "R72", "T", 748, -1284, 90],
		[39, "R73", "T", 770, -1902, 270],
		[40, "R74", "T", 594, -1688, 270],
		[41, "R75", "T", 740, -2340, 270],
		[42, "R76", "T", 584, -2116, 270],
		[43, "SW3", "T", 260, -42, 0],
		[44, "U1", "T", 326, -858, 270],
		[45, "U5", "T", 998, -1034, 0],
		[46, "U8", "T", 1084, -334, 0],
		[47, "U23", "T", 433.07, -2526, 180],
		[48, "U25", "T", 528, -1192, 0],
		[49, "U30", "T", 720, -606, 0],
		[50, "U37", "T", 996, -800, 270],
		[51, "U38", "T", 944, -1458, 90],
		[52, "U40", "T", 346, -1584, 270],
		[53, "USB2", "T", 860, -170, 180]
	]
},
"pins": {
	"fields": ["PIN_NO", "PIN_NAME", "PIN_X", "PIN_Y", "LAYER", "PIN_TYPE", "NET_NAME", "NET_TYPE", "PAD_SHAPE", "PAD_SIZEX", "PAD_SIZEY", "HOLE_SIZE", "PAD_ANGLE"],
	"rows": [
		[1, "C1_1", 669.56, -1312, "T", "SMD", "GND", "GND", "R", 31.5, 35.43, 0, 90],
		[2, "C1_2", 669.56, -1256.88, "T", "SMD", "POWER", "", "R", 31.5, 35.43, 0, 90],
		[3, "C2_1", 124, -920.44, "T", "SMD", "GND", "GND", "R", 31.5, 35.43, 0, 270],
		[4, "C2_2", 124, -975.56, "T", "SMD", "3V3", "", "R", 31.5, 35.43, 0, 270],
		[5, "C4_1", 1124, -1057.56, "T", "SMD", "GND", "GND", "R", 31.5, 35.43, 0, 90],
		[6, "C4_2", 1124, -1002.44, "T", "SMD", "3V3", "", "R", 31.5, 35.43, 0, 90],
		[7, "C5_1", 854, -1067.56, "T", "SMD", "GND", "GND", "R", 31.5, 35.43, 0, 90],
		[8, "C5_2", 854, -1012.44, "T", "SMD", "POWER", "", "R", 31.5, 35.43, 0, 90],
		[9, "C10_1", 374, -2315.56, "T", "SMD", "SWB", "", "R", 31.5, 35.43, 0, 90],
		[10, "C10_2", 374, -2260.44, "T", "SMD", "GND", "GND", "R", 31.5, 35.43, 0, 90],
		[11, "C11_1", 496, -2319.56, "T", "SMD", "SWA", "", "R", 31.5, 35.43, 0, 90],
		[12, "C11_2", 496, -2264.44, "T", "SMD", "GND", "GND", "R", 31.5, 35.43, 0, 90],
		[13, "C32_1", 1070.44, -416, "T", "SMD", "GND", "GND", "R", 31.5, 35.43, 0, 0],
		[14, "C32_2", 1125.56, -416, "T", "SMD", "VIN", "", "R", 31.5, 35.43, 0, 0],
		[15, "C56_1", 319.56, -178, "T", "SMD", "SW", "", "R", 31.5, 35.43, 0, 180],
		[16, "C56_2", 264.44, -178, "T", "SMD", "GND", "GND", "R", 31.5, 35.43, 0, 180],
		[17, "C57_1", 878, -776.44, "T", "SMD", "GND", "GND", "R", 31.5, 35.43, 0, 270],
		[18, "C57_2", 878, -831.56, "T", "SMD", "BVIN+", "", "R", 31.5, 35.43, 0, 270],
		[19, "C58_1", 986, -1313.56, "T", "SMD", "GND", "GND", "R", 31.5, 35.43, 0, 90],
		[20, "C58_2", 986, -1258.44, "T", "SMD", "12V", "", "R", 31.5, 35.43, 0, 90],
		[21, "C59_1", 89.77, -820.12, "T", "SMD", "GND", "GND", "R", 31.5, 35.43, 0, 0],
		[22, "C59_2", 144.89, -820.12, "T", "SMD", "RST", "", "R", 31.5, 35.43, 0, 0],
		[23, "D1_1", 1096, -1321.39, "T", "SMD", "12V", "", "R", 78.74, 78.74, 0, 90],
		[24, "D1_2", 1096, -1494.61, "T", "SMD", "$1N52832", "", "R", 78.74, 78.74, 0, 90],
		[25, "D6_1", 1049.24, -572, "T", "SMD", "VIN", "", "R", 31.5, 31.5, 0, 0],
		[26, "D6_2", 954.76, -572, "T", "SMD", "POWER", "", "R", 31.5, 31.5, 0, 0],
		[27, "D7_1", 824, -2292.76, "T", "SMD", "$1N53531", "", "R", 31.5, 31.5, 0, 90],
		[28, "D7_2", 824, -2387.24, "T", "SMD", "12V", "", "R", 31.5, 31.5, 0, 90],
		[29, "D8_1", 845.93, -1853.75, "T", "SMD", "$1N53950", "", "R", 31.5, 31.5, 0, 90],
		[30, "D8_2", 845.93, -1948.23, "T", "SMD", "12V", "", "R", 31.5, 31.5, 0, 90],
		[31, "FPC1_1", 353.38, -1175.25, "T", "SMD", "GND", "GND", "R", 11.81, 31.5, 0, 270],
		[32, "FPC1_2", 353.44, -1194.94, "T", "SMD", "SCREEN_RST", "", "R", 11.81, 31.5, 0, 270],
		[33, "FPC1_3", 353.44, -1214.62, "T", "SMD", "MOSI", "", "R", 11.81, 31.5, 0, 270],
		[34, "FPC1_4", 353.44, -1234.31, "T", "SMD", "SCL", "", "R", 11.81, 31.5, 0, 270],
		[35, "FPC1_5", 353.44, -1253.99, "T", "SMD", "SCREEN_CS", "", "R", 11.81, 31.5, 0, 270],
		[36, "FPC1_6", 353.44, -1273.68, "T", "SMD", "SCREEN_DC", "", "R", 11.81, 31.5, 0, 270],
		[37, "FPC1_7", 353.38, -1293.36, "T", "SMD", "GND", "GND", "R", 11.81, 31.5, 0, 270],
		[38, "FPC1_8", 353.44, -1313.05, "T", "SMD", "GND", "GND", "R", 11.81, 31.5, 0, 270],
		[39, "FPC1_9", 353.44, -1332.73, "T", "SMD", "3V3", "", "R", 11.81, 31.5, 0, 270],
		[40, "FPC1_10", 353.44, -1352.42, "T", "SMD", "3V3", "", "R", 11.81, 31.5, 0, 270],
		[41, "FPC1_11", 353.44, -1372.1, "T", "SMD", "LEDK", "", "R", 11.81, 31.5, 0, 270],
		[42, "FPC1_12", 353.44, -1391.79, "T", "SMD", "GND", "GND", "R", 11.81, 31.5, 0, 270],
		[43, "FPC1_13", 254.56, -1439.04, "T", "SMD", "GND", "GND", "R", 31.5, 31.5, 0, 270],
		[44, "FPC1_14", 254.56, -1128.01, "T", "SMD", "GND", "GND", "R", 31.5, 31.5, 0, 270],
		[45, "H1_1", 996, -2309.21, "T", "DIP", "12V", "", "R", 70.87, 70.87, 43.31, 90],
		[46, "H1_1", 996, -2309.21, "B", "DIP", "12V", "", "R", 70.87, 70.87, 43.31, 90],
		[47, "H1_2", 996, -2210.79, "T", "DIP", "$1N53531", "", "C", 70.87, 70.87, 43.31, 90],
		[48, "H1_2", 996, -2210.79, "B", "DIP", "$1N53531", "", "C", 70.87, 70.87, 43.31, 90],
		[49, "H2_1", 664, -1100, "T", "SMD", "SWIO", "", "R", 66.93, 66.93, 0, 90],
		[50, "H2_2", 664, -1000, "T", "SMD", "3V3", "", "C", 66.93, 66.93, 0, 90],
		[51, "H2_3", 664, -900, "T", "SMD", "GND", "GND", "C", 66.93, 66.93, 0, 90],
		[52, "H2_4", 664, -800, "T", "SMD", "D-", "", "C", 66.93, 66.93, 0, 90],
		[53, "H5_1", 1000, -1869.21, "T", "DIP", "12V", "", "R", 70.87, 70.87, 43.31, 90],
		[54, "H5_1", 1000, -1869.21, "B", "DIP", "12V", "", "R", 70.87, 70.87, 43.31, 90],
		[55, "H5_2", 1000, -1770.79, "T", "DIP", "$1N53950", "", "C", 70.87, 70.87, 43.31, 90],
		[56, "H5_2", 1000, -1770.79, "B", "DIP", "$1N53950", "", "C", 70.87, 70.87, 43.31, 90],
		[57, "H6_1", 418, -358.79, "T", "DIP", "GND", "GND", "R", 70.87, 70.87, 43.31, 270],
		[58, "H6_1", 418, -358.79, "B", "DIP", "GND", "GND", "R", 70.87, 70.87, 43.31, 270],
		[59, "H6_2", 418, -457.21, "T", "DIP", "BVIN", "", "C", 70.87, 70.87, 43.31, 270],
		[60, "H6_2", 418, -457.21, "B", "DIP", "BVIN", "", "C", 70.87, 70.87, 43.31, 270],
		[61, "L1_1", 808.74, -1458, "T", "SMD", "POWER", "", "R", 83.62, 166.14, 0, 0],
		[62, "L1_2", 651.26, -1458, "T", "SMD", "$1N52832", "", "R", 83.62, 166.14, 0, 0],
		[63, "Q6_1", 746.6, -2211.27, "T", "SMD", "$1N53533", "", "R", 39.37, 31.5, 0, 270],
		[64, "Q6_2", 821.4, -2211.28, "T", "SMD", "$1N53531", "", "R", 39.37, 31.5, 0, 270],
		[65, "Q6_3", 784, -2120.72, "T", "SMD", "GND", "GND", "R", 39.37, 31.5, 0, 270],
		[66, "Q7_1", 889.27, -651.4, "T", "SMD", "$1N45129", "", "R", 39.37, 31.5, 0, 0],
		[67, "Q7_2", 889.28, -576.6, "T", "SMD", "POWER", "", "R", 39.37, 31.5, 0, 0],
		[68, "Q7_3", 798.72, -614, "T", "SMD", "BVIN+", "", "R", 39.37, 31.5, 0, 0],
		[69, "Q8_1", 770.6, -1773.27, "T", "SMD", "$1N53946", "", "R", 39.37, 31.5, 0, 270],
		[70, "Q8_2", 845.4, -1773.28, "T", "SMD", "$1N53950", "", "R", 39.37, 31.5, 0, 270],
		[71, "Q8_3", 808, -1682.72, "T", "SMD", "GND", "GND", "R", 39.37, 31.5, 0, 270],
		[72, "Q9_1", 590.63, -1788.6, "T", "SMD", "$1N64281", "", "R", 49.21, 27.56, 0, 180],
		[73, "Q9_2", 590.63, -1863.4, "T", "SMD", "GND", "GND", "R", 49.21, 27.56, 0, 180],
		[74, "Q9_3", 669.37, -1826, "T", "SMD", "$1N53946", "", "R", 49.21, 27.56, 0, 180],
		[75, "Q10_1", 582.63, -2224.6, "T", "SMD", "$1N64438", "", "R", 49.21, 27.56, 0, 180],
		[76, "Q10_2", 582.63, -2299.4, "T", "SMD", "GND", "GND", "R", 49.21, 27.56, 0, 180],
		[77, "Q10_3", 661.37, -2262, "T", "SMD", "$1N53533", "", "R", 49.21, 27.56, 0, 180],
		[78, "R2_1", 834, -1254.34, "T", "SMD", "GND", "GND", "R", 31.75, 34.02, 0, 270],
		[79, "R2_2", 834, -1313.66, "T", "SMD", "$1N52836", "", "R", 31.75, 34.02, 0, 270],
		[80, "R4_1", 646, -631.66, "T", "SMD", "BATTERY", "", "R", 31.75, 34.02, 0, 90],
		[81, "R4_2", 646, -572.34, "T", "SMD", "BVIN", "", "R", 31.75, 34.02, 0, 90],
		[82, "R5_1", 578, -572.34, "T", "SMD", "GND", "GND", "R", 31.75, 34.02, 0, 270],
		[83, "R5_2", 578, -631.66, "T", "SMD", "BATTERY", "", "R", 31.75, 34.02, 0, 270],
		[84, "R58_1", 789.63, -353.68, "T", "SMD", "$1N3180", "", "R", 31.75, 34.02, 0, 270],
		[85, "R58_2", 789.63, -413, "T", "SMD", "GND", "GND", "R", 31.75, 34.02, 0, 270],
		[86, "R59_1", 908, -354.34, "T", "SMD", "$1N3170", "", "R", 31.75, 34.02, 0, 270],
		[87, "R59_2", 908, -413.66, "T", "SMD", "GND", "GND", "R", 31.75, 34.02, 0, 270],
		[88, "R62_1", 526, -1385.66, "T", "SMD", "SCREEN_BL", "", "R", 31.75, 34.02, 0, 90],
		[89, "R62_2", 526, -1326.34, "T", "SMD", "$1N4201", "", "R", 31.75, 34.02, 0, 90],
		[90, "R63_1", 1122, -631.66, "T", "SMD", "GND", "GND", "R", 31.75, 34.02, 0, 90],
		[91, "R63_2", 1122, -572.34, "T", "SMD", "VIN", "", "R", 31.75, 34.02, 0, 90],
		[92, "R64_1", 1033.66, -648, "T", "SMD", "VIN", "", "R", 31.75, 34.02, 0, 180],
		[93, "R64_2", 974.34, -648, "T", "SMD", "$1N45129", "", "R", 31.75, 34.02, 0, 180],
		[94, "R66_1", 1128, -811.66, "T", "SMD", "GND", "GND", "R", 31.75, 34.02, 0, 90],
		[95, "R66_2", 1128, -752.34, "T", "SMD", "$1N45683", "", "R", 31.75, 34.02, 0, 90],
		[96, "R67_1", 788, -825.66, "T", "SMD", "3V3", "", "R", 31.75, 34.02, 0, 90],
		[97, "R67_2", 788, -766.34, "T", "SMD", "CHARGE", "", "R", 31.75, 34.02, 0, 90],
		[98, "R68_1", 910, -1315.66, "T", "SMD", "$1N52836", "", "R", 31.75, 34.02, 0, 90],
		[99, "R68_2", 910, -1256.34, "T", "SMD", "12V", "", "R", 31.75, 34.02, 0, 90],
		[100, "R72_1", 748, -1313.66, "T", "SMD", "$1N58000", "", "R", 31.75, 34.02, 0, 90],
		[101, "R72_2", 748, -1254.34, "T", "SMD", "POWER", "", "R", 31.75, 34.02, 0, 90],
		[102, "R73_1", 770, -1872.34, "T", "SMD", "$1N53946", "", "R", 31.75, 34.02, 0, 270],
		[103, "R73_2", 770, -1931.66, "T", "SMD", "12V", "", "R", 31.75, 34.02, 0, 270],
		[104, "R74_1", 594, -1658.34, "T", "SMD", "FAN_PWM", "", "R", 31.75, 34.02, 0, 270],
		[105, "R74_2", 594, -1717.66, "T", "SMD", "$1N64281", "", "R", 31.75, 34.02, 0, 270],
		[106, "R75_1", 740, -2310.34, "T", "SMD", "$1N53533", "", "R", 31.75, 34.02, 0, 270],
		[107, "R75_2", 740, -2369.66, "T", "SMD", "12V", "", "R", 31.75, 34.02, 0, 270],
		[108, "R76_1", 584, -2086.34, "T", "SMD", "LED_PWM", "", "R", 31.75, 34.02, 0, 270],
		[109, "R76_2", 584, -2145.66, "T", "SMD", "$1N64438", "", "R", 31.75, 34.02, 0, 270],
		[110, "SW3_1", 194.06, -78.12, "T", "SMD", "GND", "GND", "R", 31.5, 55.12, 0, 0],
		[111, "SW3_2", 325.95, -78.12, "T", "SMD", "SW", "", "R", 31.5, 55.12, 0, 0],
		[112, "SW3_3", 171.42, -5.88, "T", "SMD", "GND", "GND", "R", 31.5, 47.24, 0, 0],
		[113, "SW3_4", 348.58, -5.88, "T", "SMD", "GND", "GND", "R", 31.5, 47.24, 0, 0],
		[114, "U1_1", 211.83, -742.84, "T", "SMD", "SWA", "", "R", 13.78, 55.12, 0, 270],
		[115, "U1_2", 211.83, -768.43, "T", "SMD", "D-", "", "R", 13.78, 55.12, 0, 270],
		[116, "U1_3", 211.83, -794.02, "T", "SMD", "D+", "", "R", 13.78, 55.12, 0, 270],
		[117, "U1_4", 211.83, -819.61, "T", "SMD", "RST", "", "R", 13.78, 55.12, 0, 270],
		[118, "U1_5", 211.83, -845.2, "T", "SMD", "BATTERY", "", "R", 13.78, 55.12, 0, 270],
		[119, "U1_6", 211.83, -870.8, "T", "SMD", "FAN_PWM", "", "R", 13.78, 55.12, 0, 270],
		[120, "U1_7", 211.83, -896.39, "T", "SMD", "GND", "GND", "R", 13.78, 55.12, 0, 270],
		[121, "U1_8", 211.83, -921.98, "T", "SMD", "LED_PWM", "", "R", 13.78, 55.12, 0, 270],
		[122, "U1_9", 211.83, -947.57, "T", "SMD", "3V3", "", "R", 13.78, 55.12, 0, 270],
		[123, "U1_10", 211.83, -973.16, "T", "SMD", "SCREEN_RST", "", "R", 13.78, 55.12, 0, 270],
		[124, "U1_11", 440.17, -973.16, "T", "SMD", "CHARGE", "", "R", 13.78, 55.12, 0, 270],
		[125, "U1_12", 440.17, -947.57, "T", "SMD", "SCREEN_DC", "", "R", 13.78, 55.12, 0, 270],
		[126, "U1_13", 440.17, -921.98, "T", "SMD", "SCREEN_BL", "", "R", 13.78, 55.12, 0, 270],
		[127, "U1_14", 440.17, -896.39, "T", "SMD", "RGB", "", "R", 13.78, 55.12, 0, 270],
		[128, "U1_15", 440.17, -870.8, "T", "SMD", "SCL", "", "R", 13.78, 55.12, 0, 270],
		[129, "U1_16", 440.17, -845.2, "T", "SMD", "MOSI", "", "R", 13.78, 55.12, 0, 270],
		[130, "U1_17", 440.17, -819.61, "T", "SMD", "SCREEN_CS", "", "R", 13.78, 55.12, 0, 270],
		[131, "U1_18", 440.17, -794.02, "T", "SMD", "SWIO", "", "R", 13.78, 55.12, 0, 270],
		[132, "U1_19", 440.17, -768.43, "T", "SMD", "SW", "", "R", 13.78, 55.12, 0, 270],
		[133, "U1_20", 440.17, -742.84, "T", "SMD", "SWB", "", "R", 13.78, 55.12, 0, 270],
		[134, "U5_1", 1046.63, -1071.4, "T", "SMD", "GND", "GND", "R", 42.13, 23.62, 0, 0],
		[135, "U5_2", 1046.63, -996.6, "T", "SMD", "3V3", "", "R", 42.13, 23.62, 0, 0],
		[136, "U5_3", 949.38, -1034, "T", "SMD", "POWER", "", "R", 42.13, 23.62, 0, 0],
		[137, "U8_1", 1039.02, -334, "T", "SMD", "VIN1", "", "R", 52.56, 59.05, 0, 0],
		[138, "U8_2", 1128.98, -334, "T", "SMD", "VIN", "", "R", 52.56, 59.05, 0, 0],
		[139, "U23_1", 492.13, -2426, "T", "SMD", "SWA", "", "R", 19.68, 39.37, 0, 180],
		[140, "U23_2", 433.07, -2426, "T", "SMD", "GND", "GND", "R", 19.68, 39.37, 0, 180],
		[141, "U23_3", 374.02, -2426, "T", "SMD", "SWB", "", "R", 19.68, 39.37, 0, 180],
		[142, "U23_4", 548.07, -2536, "T", "SMD", "GND", "GND", "R", 31.5, 47.24, 0, 180],
		[143, "U23_5", 318.07, -2536, "T", "SMD", "GND", "GND", "R", 31.5, 47.24, 0, 180],
		[144, "U25_1", 567.37, -1229.4, "T", "SMD", "$1N4201", "", "R", 49.21, 27.56, 0, 0],
		[145, "U25_2", 567.37, -1154.6, "T", "SMD", "GND", "GND", "R", 49.21, 27.56, 0, 0],
		[146, "U25_3", 488.63, -1192, "T", "SMD", "LEDK", "", "R", 49.21, 27.56, 0, 0],
		[147, "U30_1", 720, -562, "T", "SMD", "BVIN", "", "R", 60, 60, 0, 0],
		[148, "U30_2", 720, -650, "T", "SMD", "BVIN+", "", "R", 60, 60, 0, 0],
		[149, "U37_1", 950.76, -762.6, "T", "SMD", "CHARGE", "", "R", 20.95, 42.2, 0, 270],
		[150, "U37_2", 950.76, -800, "T", "SMD", "GND", "GND", "R", 20.95, 42.2, 0, 270],
		[151, "U37_3", 950.76, -837.4, "T", "SMD", "BVIN+", "", "R", 20.95, 42.2, 0, 270],
		[152, "U37_4", 1041.24, -837.4, "T", "SMD", "VIN", "", "R", 20.95, 42.2, 0, 270],
		[153, "U37_5", 1041.24, -800, "T", "SMD", "U37_5", "", "R", 20.95, 42.2, 0, 270],
		[154, "U37_6", 1041.24, -762.6, "T", "SMD", "$1N45683", "", "R", 20.95, 42.2, 0, 270],
		[155, "U38_1", 989.24, -1495.4, "T", "SMD", "$1N52832", "", "R", 20.95, 42.2, 0, 90],
		[156, "U38_2", 989.24, -1458, "T", "SMD", "GND", "GND", "R", 20.95, 42.2, 0, 90],
		[157, "U38_3", 989.24, -1420.6, "T", "SMD", "$1N52836", "", "R", 20.95, 42.2, 0, 90],
		[158, "U38_4", 898.76, -1420.6, "T", "SMD", "$1N58000", "", "R", 20.95, 42.2, 0, 90],
		[159, "U38_5", 898.76, -1458, "T", "SMD", "POWER", "", "R", 20.95, 42.2, 0, 90],
		[160, "U38_6", 898.76, -1495.4, "T", "SMD", "POWER", "", "R", 20.95, 42.2, 0, 90],
		[161, "U40_1", 405.05, -1544.63, "T", "SMD", "GND", "GND", "R", 19.68, 47.24, 0, 270],
		[162, "U40_2", 405.05, -1584, "T", "SMD", "RGB", "", "R", 19.68, 47.24, 0, 270],
		[163, "U40_3", 405.05, -1623.37, "T", "SMD", "POWER", "", "R", 19.68, 47.24, 0, 270],
		[164, "U40_4", 286.95, -1670.61, "T", "SMD", "GND", "GND", "R", 31.5, 59.05, 0, 270],
		[165, "U40_5", 286.95, -1497.39, "T", "SMD", "GND", "GND", "R", 31.5, 59.05, 0, 270],
		[166, "USB2_1", 1030.08, -240.37, "T", "DIP", "GND", "GND", "O", 39.37, 82.68, 66.93, 180],
		[167, "USB2_1", 1030.08, -240.37, "B", "DIP", "GND", "GND", "O", 39.37, 82.68, 66.93, 180],
		[168, "USB2_2", 689.92, -240.37, "T", "DIP", "GND", "GND", "O", 39.37, 82.68, 66.93, 180],
		[169, "USB2_2", 689.92, -240.37, "B", "DIP", "GND", "GND", "O", 39.37, 82.68, 66.93, 180],
		[170, "USB2_3", 1030.08, -76.99, "T", "DIP", "GND", "GND", "O", 39.37, 70.87, 55.12, 180],
		[171, "USB2_3", 1030.08, -76.99, "B", "DIP", "GND", "GND", "O", 39.37, 70.87, 55.12, 180],
		[172, "USB2_4", 689.92, -76.99, "T", "DIP", "GND", "GND", "O", 39.37, 70.87, 55.12, 180],
		[173, "USB2_4", 689.92, -76.99, "B", "DIP", "GND", "GND", "O", 39.37, 70.87, 55.12, 180],
		[174, "USB2_A1B12", 985.99, -263.01, "T", "SMD", "GND", "GND", "R", 23.62, 45.28, 0, 180],
		[175, "USB2_A4B9", 954.49, -263.01, "T", "SMD", "VIN1", "", "R", 23.62, 45.28, 0, 180],
		[176, "USB2_A5", 909.22, -263.01, "T", "SMD", "$1N3170", "", "R", 11.81, 45.28, 0, 180],
		[177, "USB2_A6", 869.85, -263.01, "T", "SMD", "D+", "", "R", 11.81, 45.28, 0, 180],
		[178, "USB2_A7", 850.16, -263.01, "T", "SMD", "D-", "", "R", 11.81, 45.28, 0, 180],
		[179, "USB2_A8", 928.9, -263.01, "T", "SMD", "SWIO", "", "R", 11.81, 45.28, 0, 180],
		[180, "USB2_B1A12", 734.02, -263.01, "T", "SMD", "GND", "GND", "R", 23.62, 45.28, 0, 180],
		[181, "USB2_B4A9", 765.51, -263.01, "T", "SMD", "VIN1", "", "R", 23.62, 45.28, 0, 180],
		[182, "USB2_B5", 791.11, -263.01, "T", "SMD", "$1N3180", "", "R", 11.81, 45.28, 0, 180],
		[183, "USB2_B6", 830.48, -263.01, "T", "SMD", "D+", "", "R", 11.81, 45.28, 0, 180],
		[184, "USB2_B7", 889.53, -263.01, "T", "SMD", "D-", "", "R", 11.81, 45.28, 0, 180],
		[185, "USB2_B8", 810.79, -263.01, "T", "SMD", "SWIO", "", "R", 11.81, 45.28, 0, 180]
	]
}
}